timestamp,commit,description,mode,backend,bench,metric,value,unit,seed,bench_version,rustc
2026-02-06T05:14:20Z,782f331,inline-attributes,full,nested,compute_mean_coordinates,time_ms,0.903861,ms,12345,v2,rustc 1.93.0 (254b59607 2026-01-19)
2026-02-06T05:14:20Z,782f331,inline-attributes,full,nested,compute_full_feature_stats,time_ms,3.133030,ms,12345,v2,rustc 1.93.0 (254b59607 2026-01-19)
2026-02-06T05:14:20Z,782f331,inline-attributes,full,nested,builder/build_minimal_geometry,time_ms,10.348180,ms,12345,v2,rustc 1.93.0 (254b59607 2026-01-19)
2026-02-06T05:14:20Z,782f331,inline-attributes,full,nested,builder/build_minimal_geometry,throughput_elem_s,966353.524252,elem_s,12345,v2,rustc 1.93.0 (254b59607 2026-01-19)
2026-02-06T05:14:20Z,782f331,inline-attributes,full,nested,builder/build_full_feature,time_ms,69.078327,ms,12345,v2,rustc 1.93.0 (254b59607 2026-01-19)
2026-02-06T05:14:20Z,782f331,inline-attributes,full,nested,builder/build_full_feature,throughput_elem_s,144763.205258,elem_s,12345,v2,rustc 1.93.0 (254b59607 2026-01-19)
2026-02-06T05:14:20Z,782f331,inline-attributes,full,nested,memory/build_model/7000,heap_max_bytes,60102896,bytes,12345,v2,rustc 1.93.0 (254b59607 2026-01-19)
2026-02-06T05:14:20Z,782f331,inline-attributes,full,nested,memory/build_model/7000,heap_total_bytes,104653348,bytes,12345,v2,rustc 1.93.0 (254b59607 2026-01-19)
2026-02-06T05:14:20Z,782f331,inline-attributes,full,nested,memory/build_model/7000,heap_max_blocks,448039,blocks,12345,v2,rustc 1.93.0 (254b59607 2026-01-19)
2026-02-06T05:14:20Z,782f331,inline-attributes,full,nested,memory/build_model/7000,heap_total_blocks,784035,blocks,12345,v2,rustc 1.93.0 (254b59607 2026-01-19)
2026-02-06T05:14:20Z,782f331,inline-attributes,full,nested,streaming/e2e,time_ms,67.743385,ms,12345,v2,rustc 1.93.0 (254b59607 2026-01-19)
2026-02-06T05:14:20Z,782f331,inline-attributes,full,nested,streaming/e2e,time_producer_ms,67.005263,ms,12345,v2,rustc 1.93.0 (254b59607 2026-01-19)
2026-02-06T05:14:20Z,782f331,inline-attributes,full,nested,streaming/e2e,time_consumer_ms,67.492488,ms,12345,v2,rustc 1.93.0 (254b59607 2026-01-19)
2026-02-06T05:14:20Z,782f331,inline-attributes,full,nested,streaming/e2e,throughput_elem_s,147615.888990,elem_s,12345,v2,rustc 1.93.0 (254b59607 2026-01-19)
2026-02-06T05:14:20Z,782f331,inline-attributes,full,nested,processor/compute_full_feature_stats,cache_d1_miss_rate,0.02102091,ratio,12345,v2,rustc 1.93.0 (254b59607 2026-01-19)
2026-02-06T05:14:20Z,782f331,inline-attributes,full,nested,processor/compute_full_feature_stats,cache_ll_miss_rate,0.00280303,ratio,12345,v2,rustc 1.93.0 (254b59607 2026-01-19)
2026-02-06T05:14:20Z,782f331,inline-attributes,full,nested,processor/compute_full_feature_stats,branch_miss_rate,0.05553201,ratio,12345,v2,rustc 1.93.0 (254b59607 2026-01-19)
2026-02-06T05:14:20Z,782f331,inline-attributes,full,default,compute_mean_coordinates,time_ms,0.339609,ms,12345,v2,rustc 1.93.0 (254b59607 2026-01-19)
2026-02-06T05:14:20Z,782f331,inline-attributes,full,default,compute_full_feature_stats,time_ms,3.183777,ms,12345,v2,rustc 1.93.0 (254b59607 2026-01-19)
2026-02-06T05:14:20Z,782f331,inline-attributes,full,default,builder/build_minimal_geometry,time_ms,5.908387,ms,12345,v2,rustc 1.93.0 (254b59607 2026-01-19)
2026-02-06T05:14:20Z,782f331,inline-attributes,full,default,builder/build_minimal_geometry,throughput_elem_s,1692509.212783,elem_s,12345,v2,rustc 1.93.0 (254b59607 2026-01-19)
2026-02-06T05:14:20Z,782f331,inline-attributes,full,default,builder/build_full_feature,time_ms,36.920452,ms,12345,v2,rustc 1.93.0 (254b59607 2026-01-19)
2026-02-06T05:14:20Z,782f331,inline-attributes,full,default,builder/build_full_feature,throughput_elem_s,270852.587338,elem_s,12345,v2,rustc 1.93.0 (254b59607 2026-01-19)
2026-02-06T05:14:20Z,782f331,inline-attributes,full,default,memory/build_model/7000,heap_max_bytes,43218355,bytes,12345,v2,rustc 1.93.0 (254b59607 2026-01-19)
2026-02-06T05:14:20Z,782f331,inline-attributes,full,default,memory/build_model/7000,heap_total_bytes,86225762,bytes,12345,v2,rustc 1.93.0 (254b59607 2026-01-19)
2026-02-06T05:14:20Z,782f331,inline-attributes,full,default,memory/build_model/7000,heap_max_blocks,280039,blocks,12345,v2,rustc 1.93.0 (254b59607 2026-01-19)
2026-02-06T05:14:20Z,782f331,inline-attributes,full,default,memory/build_model/7000,heap_total_blocks,560113,blocks,12345,v2,rustc 1.93.0 (254b59607 2026-01-19)
2026-02-06T05:14:20Z,782f331,inline-attributes,full,default,streaming/e2e,time_ms,70.712458,ms,12345,v2,rustc 1.93.0 (254b59607 2026-01-19)
2026-02-06T05:14:20Z,782f331,inline-attributes,full,default,streaming/e2e,time_producer_ms,70.260850,ms,12345,v2,rustc 1.93.0 (254b59607 2026-01-19)
2026-02-06T05:14:20Z,782f331,inline-attributes,full,default,streaming/e2e,time_consumer_ms,70.575979,ms,12345,v2,rustc 1.93.0 (254b59607 2026-01-19)
2026-02-06T05:14:20Z,782f331,inline-attributes,full,default,streaming/e2e,throughput_elem_s,141417.796564,elem_s,12345,v2,rustc 1.93.0 (254b59607 2026-01-19)
2026-02-06T05:14:20Z,782f331,inline-attributes,full,default,processor/compute_full_feature_stats,cache_d1_miss_rate,0.02338408,ratio,12345,v2,rustc 1.93.0 (254b59607 2026-01-19)
2026-02-06T05:14:20Z,782f331,inline-attributes,full,default,processor/compute_full_feature_stats,cache_ll_miss_rate,0.00311203,ratio,12345,v2,rustc 1.93.0 (254b59607 2026-01-19)
2026-02-06T05:14:20Z,782f331,inline-attributes,full,default,processor/compute_full_feature_stats,branch_miss_rate,0.05815830,ratio,12345,v2,rustc 1.93.0 (254b59607 2026-01-19)
2026-02-06T05:34:42Z,782f331,inline-attributes,full,nested,compute_mean_coordinates,time_ms,0.882152,ms,12345,v2,rustc 1.93.0 (254b59607 2026-01-19)
2026-02-06T05:34:42Z,782f331,inline-attributes,full,nested,compute_full_feature_stats,time_ms,2.638181,ms,12345,v2,rustc 1.93.0 (254b59607 2026-01-19)
2026-02-06T05:34:42Z,782f331,inline-attributes,full,nested,builder/build_minimal_geometry,time_ms,11.660111,ms,12345,v2,rustc 1.93.0 (254b59607 2026-01-19)
2026-02-06T05:34:42Z,782f331,inline-attributes,full,nested,builder/build_minimal_geometry,throughput_elem_s,857624.749482,elem_s,12345,v2,rustc 1.93.0 (254b59607 2026-01-19)
2026-02-06T05:34:42Z,782f331,inline-attributes,full,nested,builder/build_full_feature,time_ms,70.137510,ms,12345,v2,rustc 1.93.0 (254b59607 2026-01-19)
2026-02-06T05:34:42Z,782f331,inline-attributes,full,nested,builder/build_full_feature,throughput_elem_s,142577.059979,elem_s,12345,v2,rustc 1.93.0 (254b59607 2026-01-19)
2026-02-06T05:34:42Z,782f331,inline-attributes,full,nested,memory/build_model/7000,heap_max_bytes,60102896,bytes,12345,v2,rustc 1.93.0 (254b59607 2026-01-19)
2026-02-06T05:34:42Z,782f331,inline-attributes,full,nested,memory/build_model/7000,heap_total_bytes,104653348,bytes,12345,v2,rustc 1.93.0 (254b59607 2026-01-19)
2026-02-06T05:34:42Z,782f331,inline-attributes,full,nested,memory/build_model/7000,heap_max_blocks,448039,blocks,12345,v2,rustc 1.93.0 (254b59607 2026-01-19)
2026-02-06T05:34:42Z,782f331,inline-attributes,full,nested,memory/build_model/7000,heap_total_blocks,784035,blocks,12345,v2,rustc 1.93.0 (254b59607 2026-01-19)
2026-02-06T05:34:42Z,782f331,inline-attributes,full,nested,streaming/e2e,time_ms,76.504427,ms,12345,v2,rustc 1.93.0 (254b59607 2026-01-19)
2026-02-06T05:34:42Z,782f331,inline-attributes,full,nested,streaming/e2e,time_producer_ms,75.687706,ms,12345,v2,rustc 1.93.0 (254b59607 2026-01-19)
2026-02-06T05:34:42Z,782f331,inline-attributes,full,nested,streaming/e2e,time_consumer_ms,76.140899,ms,12345,v2,rustc 1.93.0 (254b59607 2026-01-19)
2026-02-06T05:34:42Z,782f331,inline-attributes,full,nested,streaming/e2e,throughput_elem_s,130711.390074,elem_s,12345,v2,rustc 1.93.0 (254b59607 2026-01-19)
2026-02-06T05:34:42Z,782f331,inline-attributes,full,nested,processor/compute_full_feature_stats,cache_d1_miss_rate,0.02100226,ratio,12345,v2,rustc 1.93.0 (254b59607 2026-01-19)
2026-02-06T05:34:42Z,782f331,inline-attributes,full,nested,processor/compute_full_feature_stats,cache_ll_miss_rate,0.00283278,ratio,12345,v2,rustc 1.93.0 (254b59607 2026-01-19)
2026-02-06T05:34:42Z,782f331,inline-attributes,full,nested,processor/compute_full_feature_stats,branch_miss_rate,0.05608863,ratio,12345,v2,rustc 1.93.0 (254b59607 2026-01-19)
2026-02-06T05:34:42Z,782f331,inline-attributes,full,default,compute_mean_coordinates,time_ms,0.339524,ms,12345,v2,rustc 1.93.0 (254b59607 2026-01-19)
2026-02-06T05:34:42Z,782f331,inline-attributes,full,default,compute_full_feature_stats,time_ms,3.146989,ms,12345,v2,rustc 1.93.0 (254b59607 2026-01-19)
2026-02-06T05:34:42Z,782f331,inline-attributes,full,default,builder/build_minimal_geometry,time_ms,5.990455,ms,12345,v2,rustc 1.93.0 (254b59607 2026-01-19)
2026-02-06T05:34:42Z,782f331,inline-attributes,full,default,builder/build_minimal_geometry,throughput_elem_s,1669322.412095,elem_s,12345,v2,rustc 1.93.0 (254b59607 2026-01-19)
2026-02-06T05:34:42Z,782f331,inline-attributes,full,default,builder/build_full_feature,time_ms,36.759994,ms,12345,v2,rustc 1.93.0 (254b59607 2026-01-19)
2026-02-06T05:34:42Z,782f331,inline-attributes,full,default,builder/build_full_feature,throughput_elem_s,272034.864637,elem_s,12345,v2,rustc 1.93.0 (254b59607 2026-01-19)
2026-02-06T05:34:42Z,782f331,inline-attributes,full,default,memory/build_model/7000,heap_max_bytes,43218355,bytes,12345,v2,rustc 1.93.0 (254b59607 2026-01-19)
2026-02-06T05:34:42Z,782f331,inline-attributes,full,default,memory/build_model/7000,heap_total_bytes,86225762,bytes,12345,v2,rustc 1.93.0 (254b59607 2026-01-19)
2026-02-06T05:34:42Z,782f331,inline-attributes,full,default,memory/build_model/7000,heap_max_blocks,280039,blocks,12345,v2,rustc 1.93.0 (254b59607 2026-01-19)
2026-02-06T05:34:42Z,782f331,inline-attributes,full,default,memory/build_model/7000,heap_total_blocks,560113,blocks,12345,v2,rustc 1.93.0 (254b59607 2026-01-19)
2026-02-06T05:34:42Z,782f331,inline-attributes,full,default,streaming/e2e,time_ms,81.157739,ms,12345,v2,rustc 1.93.0 (254b59607 2026-01-19)
2026-02-06T05:34:42Z,782f331,inline-attributes,full,default,streaming/e2e,time_producer_ms,80.615059,ms,12345,v2,rustc 1.93.0 (254b59607 2026-01-19)
2026-02-06T05:34:42Z,782f331,inline-attributes,full,default,streaming/e2e,time_consumer_ms,80.974079,ms,12345,v2,rustc 1.93.0 (254b59607 2026-01-19)
2026-02-06T05:34:42Z,782f331,inline-attributes,full,default,streaming/e2e,throughput_elem_s,123216.838261,elem_s,12345,v2,rustc 1.93.0 (254b59607 2026-01-19)
2026-02-06T05:34:42Z,782f331,inline-attributes,full,default,processor/compute_full_feature_stats,cache_d1_miss_rate,0.02337830,ratio,12345,v2,rustc 1.93.0 (254b59607 2026-01-19)
2026-02-06T05:34:42Z,782f331,inline-attributes,full,default,processor/compute_full_feature_stats,cache_ll_miss_rate,0.00311859,ratio,12345,v2,rustc 1.93.0 (254b59607 2026-01-19)
2026-02-06T05:34:42Z,782f331,inline-attributes,full,default,processor/compute_full_feature_stats,branch_miss_rate,0.05640516,ratio,12345,v2,rustc 1.93.0 (254b59607 2026-01-19)
2026-02-06T05:52:27Z,782f331,inline-attributes,full,nested,compute_mean_coordinates,time_ms,0.881900,ms,12345,v2,rustc 1.93.0 (254b59607 2026-01-19)
2026-02-06T05:52:27Z,782f331,inline-attributes,full,nested,compute_full_feature_stats,time_ms,2.926000,ms,12345,v2,rustc 1.93.0 (254b59607 2026-01-19)
2026-02-06T05:52:27Z,782f331,inline-attributes,full,nested,builder/build_minimal_geometry,time_ms,11.263634,ms,12345,v2,rustc 1.93.0 (254b59607 2026-01-19)
2026-02-06T05:52:27Z,782f331,inline-attributes,full,nested,builder/build_minimal_geometry,throughput_elem_s,887812.909991,elem_s,12345,v2,rustc 1.93.0 (254b59607 2026-01-19)
2026-02-06T05:52:27Z,782f331,inline-attributes,full,nested,builder/build_full_feature,time_ms,67.283554,ms,12345,v2,rustc 1.93.0 (254b59607 2026-01-19)
2026-02-06T05:52:27Z,782f331,inline-attributes,full,nested,builder/build_full_feature,throughput_elem_s,148624.730322,elem_s,12345,v2,rustc 1.93.0 (254b59607 2026-01-19)
2026-02-06T05:52:27Z,782f331,inline-attributes,full,nested,memory/build_model/7000,heap_max_bytes,60102896,bytes,12345,v2,rustc 1.93.0 (254b59607 2026-01-19)
2026-02-06T05:52:27Z,782f331,inline-attributes,full,nested,memory/build_model/7000,heap_total_bytes,104653348,bytes,12345,v2,rustc 1.93.0 (254b59607 2026-01-19)
2026-02-06T05:52:27Z,782f331,inline-attributes,full,nested,memory/build_model/7000,heap_max_blocks,448039,blocks,12345,v2,rustc 1.93.0 (254b59607 2026-01-19)
2026-02-06T05:52:27Z,782f331,inline-attributes,full,nested,memory/build_model/7000,heap_total_blocks,784035,blocks,12345,v2,rustc 1.93.0 (254b59607 2026-01-19)
2026-02-06T05:52:27Z,782f331,inline-attributes,full,nested,streaming/e2e,time_ms,57.753075,ms,12345,v2,rustc 1.93.0 (254b59607 2026-01-19)
2026-02-06T05:52:27Z,782f331,inline-attributes,full,nested,streaming/e2e,time_producer_ms,57.034916,ms,12345,v2,rustc 1.93.0 (254b59607 2026-01-19)
2026-02-06T05:52:27Z,782f331,inline-attributes,full,nested,streaming/e2e,time_consumer_ms,57.520052,ms,12345,v2,rustc 1.93.0 (254b59607 2026-01-19)
2026-02-06T05:52:27Z,782f331,inline-attributes,full,nested,streaming/e2e,throughput_elem_s,173150.953434,elem_s,12345,v2,rustc 1.93.0 (254b59607 2026-01-19)
2026-02-06T05:52:27Z,782f331,inline-attributes,full,nested,processor/compute_full_feature_stats,cache_d1_miss_rate,0.02103262,ratio,12345,v2,rustc 1.93.0 (254b59607 2026-01-19)
2026-02-06T05:52:27Z,782f331,inline-attributes,full,nested,processor/compute_full_feature_stats,cache_ll_miss_rate,0.00306573,ratio,12345,v2,rustc 1.93.0 (254b59607 2026-01-19)
2026-02-06T05:52:27Z,782f331,inline-attributes,full,nested,processor/compute_full_feature_stats,branch_miss_rate,0.05603480,ratio,12345,v2,rustc 1.93.0 (254b59607 2026-01-19)
2026-02-06T05:52:27Z,782f331,inline-attributes,full,default,compute_mean_coordinates,time_ms,0.339179,ms,12345,v2,rustc 1.93.0 (254b59607 2026-01-19)
2026-02-06T05:52:27Z,782f331,inline-attributes,full,default,compute_full_feature_stats,time_ms,3.150170,ms,12345,v2,rustc 1.93.0 (254b59607 2026-01-19)
2026-02-06T05:52:27Z,782f331,inline-attributes,full,default,builder/build_minimal_geometry,time_ms,5.886513,ms,12345,v2,rustc 1.93.0 (254b59607 2026-01-19)
2026-02-06T05:52:27Z,782f331,inline-attributes,full,default,builder/build_minimal_geometry,throughput_elem_s,1698798.721231,elem_s,12345,v2,rustc 1.93.0 (254b59607 2026-01-19)
2026-02-06T05:52:27Z,782f331,inline-attributes,full,default,builder/build_full_feature,time_ms,37.907385,ms,12345,v2,rustc 1.93.0 (254b59607 2026-01-19)
2026-02-06T05:52:27Z,782f331,inline-attributes,full,default,builder/build_full_feature,throughput_elem_s,263800.837114,elem_s,12345,v2,rustc 1.93.0 (254b59607 2026-01-19)
2026-02-06T05:52:27Z,782f331,inline-attributes,full,default,memory/build_model/7000,heap_max_bytes,43218355,bytes,12345,v2,rustc 1.93.0 (254b59607 2026-01-19)
2026-02-06T05:52:27Z,782f331,inline-attributes,full,default,memory/build_model/7000,heap_total_bytes,86225762,bytes,12345,v2,rustc 1.93.0 (254b59607 2026-01-19)
2026-02-06T05:52:27Z,782f331,inline-attributes,full,default,memory/build_model/7000,heap_max_blocks,280039,blocks,12345,v2,rustc 1.93.0 (254b59607 2026-01-19)
2026-02-06T05:52:27Z,782f331,inline-attributes,full,default,memory/build_model/7000,heap_total_blocks,560113,blocks,12345,v2,rustc 1.93.0 (254b59607 2026-01-19)
2026-02-06T05:52:27Z,782f331,inline-attributes,full,default,streaming/e2e,time_ms,97.196628,ms,12345,v2,rustc 1.93.0 (254b59607 2026-01-19)
2026-02-06T05:52:27Z,782f331,inline-attributes,full,default,streaming/e2e,time_producer_ms,96.741445,ms,12345,v2,rustc 1.93.0 (254b59607 2026-01-19)
2026-02-06T05:52:27Z,782f331,inline-attributes,full,default,streaming/e2e,time_consumer_ms,97.034294,ms,12345,v2,rustc 1.93.0 (254b59607 2026-01-19)
2026-02-06T05:52:27Z,782f331,inline-attributes,full,default,streaming/e2e,throughput_elem_s,102884.227630,elem_s,12345,v2,rustc 1.93.0 (254b59607 2026-01-19)
2026-02-06T05:52:27Z,782f331,inline-attributes,full,default,processor/compute_full_feature_stats,cache_d1_miss_rate,0.01950846,ratio,12345,v2,rustc 1.93.0 (254b59607 2026-01-19)
2026-02-06T05:52:27Z,782f331,inline-attributes,full,default,processor/compute_full_feature_stats,cache_ll_miss_rate,0.00251203,ratio,12345,v2,rustc 1.93.0 (254b59607 2026-01-19)
2026-02-06T05:52:27Z,782f331,inline-attributes,full,default,processor/compute_full_feature_stats,branch_miss_rate,0.05797840,ratio,12345,v2,rustc 1.93.0 (254b59607 2026-01-19)
2026-02-06T12:02:55Z,02f154e,attribute-pool,full,nested,compute_mean_coordinates,time_ms,0.891860,ms,12345,v2,rustc 1.93.0 (254b59607 2026-01-19)
2026-02-06T12:02:55Z,02f154e,attribute-pool,full,nested,compute_full_feature_stats,time_ms,2.932917,ms,12345,v2,rustc 1.93.0 (254b59607 2026-01-19)
2026-02-06T12:02:55Z,02f154e,attribute-pool,full,nested,builder/build_minimal_geometry,time_ms,10.885137,ms,12345,v2,rustc 1.93.0 (254b59607 2026-01-19)
2026-02-06T12:02:55Z,02f154e,attribute-pool,full,nested,builder/build_minimal_geometry,throughput_elem_s,918683.851130,elem_s,12345,v2,rustc 1.93.0 (254b59607 2026-01-19)
2026-02-06T12:02:55Z,02f154e,attribute-pool,full,nested,builder/build_full_feature,time_ms,68.737430,ms,12345,v2,rustc 1.93.0 (254b59607 2026-01-19)
2026-02-06T12:02:55Z,02f154e,attribute-pool,full,nested,builder/build_full_feature,throughput_elem_s,145481.143661,elem_s,12345,v2,rustc 1.93.0 (254b59607 2026-01-19)
2026-02-06T12:02:55Z,02f154e,attribute-pool,full,nested,memory/build_model/7000,heap_max_bytes,60102896,bytes,12345,v2,rustc 1.93.0 (254b59607 2026-01-19)
2026-02-06T12:02:55Z,02f154e,attribute-pool,full,nested,memory/build_model/7000,heap_total_bytes,104653348,bytes,12345,v2,rustc 1.93.0 (254b59607 2026-01-19)
2026-02-06T12:02:55Z,02f154e,attribute-pool,full,nested,memory/build_model/7000,heap_max_blocks,448039,blocks,12345,v2,rustc 1.93.0 (254b59607 2026-01-19)
2026-02-06T12:02:55Z,02f154e,attribute-pool,full,nested,memory/build_model/7000,heap_total_blocks,784035,blocks,12345,v2,rustc 1.93.0 (254b59607 2026-01-19)
2026-02-06T12:02:55Z,02f154e,attribute-pool,full,nested,streaming/e2e,time_ms,53.940083,ms,12345,v2,rustc 1.93.0 (254b59607 2026-01-19)
2026-02-06T12:02:55Z,02f154e,attribute-pool,full,nested,streaming/e2e,time_producer_ms,53.153907,ms,12345,v2,rustc 1.93.0 (254b59607 2026-01-19)
2026-02-06T12:02:55Z,02f154e,attribute-pool,full,nested,streaming/e2e,time_consumer_ms,53.657435,ms,12345,v2,rustc 1.93.0 (254b59607 2026-01-19)
2026-02-06T12:02:55Z,02f154e,attribute-pool,full,nested,streaming/e2e,throughput_elem_s,185390.890110,elem_s,12345,v2,rustc 1.93.0 (254b59607 2026-01-19)
2026-02-06T12:02:55Z,02f154e,attribute-pool,full,nested,processor/compute_full_feature_stats,cache_d1_miss_rate,0.01501347,ratio,12345,v2,rustc 1.93.0 (254b59607 2026-01-19)
2026-02-06T12:02:55Z,02f154e,attribute-pool,full,nested,processor/compute_full_feature_stats,cache_ll_miss_rate,0.00190977,ratio,12345,v2,rustc 1.93.0 (254b59607 2026-01-19)
2026-02-06T12:02:55Z,02f154e,attribute-pool,full,nested,processor/compute_full_feature_stats,branch_miss_rate,0.05281704,ratio,12345,v2,rustc 1.93.0 (254b59607 2026-01-19)
2026-02-06T12:02:55Z,02f154e,attribute-pool,full,default,compute_mean_coordinates,time_ms,0.367961,ms,12345,v2,rustc 1.93.0 (254b59607 2026-01-19)
2026-02-06T12:02:55Z,02f154e,attribute-pool,full,default,compute_full_feature_stats,time_ms,3.187575,ms,12345,v2,rustc 1.93.0 (254b59607 2026-01-19)
2026-02-06T12:02:55Z,02f154e,attribute-pool,full,default,builder/build_minimal_geometry,time_ms,7.562046,ms,12345,v2,rustc 1.93.0 (254b59607 2026-01-19)
2026-02-06T12:02:55Z,02f154e,attribute-pool,full,default,builder/build_minimal_geometry,throughput_elem_s,1322393.413176,elem_s,12345,v2,rustc 1.93.0 (254b59607 2026-01-19)
2026-02-06T12:02:55Z,02f154e,attribute-pool,full,default,builder/build_full_feature,time_ms,47.620175,ms,12345,v2,rustc 1.93.0 (254b59607 2026-01-19)
2026-02-06T12:02:55Z,02f154e,attribute-pool,full,default,builder/build_full_feature,throughput_elem_s,209995.027089,elem_s,12345,v2,rustc 1.93.0 (254b59607 2026-01-19)
2026-02-06T12:02:55Z,02f154e,attribute-pool,full,default,memory/build_model/7000,heap_max_bytes,43239014,bytes,12345,v2,rustc 1.93.0 (254b59607 2026-01-19)
2026-02-06T12:02:55Z,02f154e,attribute-pool,full,default,memory/build_model/7000,heap_total_bytes,95142262,bytes,12345,v2,rustc 1.93.0 (254b59607 2026-01-19)
2026-02-06T12:02:55Z,02f154e,attribute-pool,full,default,memory/build_model/7000,heap_max_blocks,343067,blocks,12345,v2,rustc 1.93.0 (254b59607 2026-01-19)
2026-02-06T12:02:55Z,02f154e,attribute-pool,full,default,memory/build_model/7000,heap_total_blocks,742329,blocks,12345,v2,rustc 1.93.0 (254b59607 2026-01-19)
2026-02-06T12:02:55Z,02f154e,attribute-pool,full,default,streaming/e2e,time_ms,66.397858,ms,12345,v2,rustc 1.93.0 (254b59607 2026-01-19)
2026-02-06T12:02:55Z,02f154e,attribute-pool,full,default,streaming/e2e,time_producer_ms,65.861190,ms,12345,v2,rustc 1.93.0 (254b59607 2026-01-19)
2026-02-06T12:02:55Z,02f154e,attribute-pool,full,default,streaming/e2e,time_consumer_ms,66.156769,ms,12345,v2,rustc 1.93.0 (254b59607 2026-01-19)
2026-02-06T12:02:55Z,02f154e,attribute-pool,full,default,streaming/e2e,throughput_elem_s,150607.268084,elem_s,12345,v2,rustc 1.93.0 (254b59607 2026-01-19)
2026-02-06T12:02:55Z,02f154e,attribute-pool,full,default,processor/compute_full_feature_stats,cache_d1_miss_rate,0.01076845,ratio,12345,v2,rustc 1.93.0 (254b59607 2026-01-19)
2026-02-06T12:02:55Z,02f154e,attribute-pool,full,default,processor/compute_full_feature_stats,cache_ll_miss_rate,0.00111204,ratio,12345,v2,rustc 1.93.0 (254b59607 2026-01-19)
2026-02-06T12:02:55Z,02f154e,attribute-pool,full,default,processor/compute_full_feature_stats,branch_miss_rate,0.05572457,ratio,12345,v2,rustc 1.93.0 (254b59607 2026-01-19)
2026-02-06T15:11:41Z,1b067f3,stripped-down-lib,full,default,compute_mean_coordinates,time_ms,0.434028,ms,12345,v2,rustc 1.93.0 (254b59607 2026-01-19)
2026-02-06T15:11:41Z,1b067f3,stripped-down-lib,full,default,compute_full_feature_stats,time_ms,11.934440,ms,12345,v2,rustc 1.93.0 (254b59607 2026-01-19)
2026-02-06T15:11:41Z,1b067f3,stripped-down-lib,full,default,builder/build_minimal_geometry,time_ms,8.439296,ms,12345,v2,rustc 1.93.0 (254b59607 2026-01-19)
2026-02-06T15:11:41Z,1b067f3,stripped-down-lib,full,default,builder/build_minimal_geometry,throughput_elem_s,1184932.936962,elem_s,12345,v2,rustc 1.93.0 (254b59607 2026-01-19)
2026-02-06T15:11:41Z,1b067f3,stripped-down-lib,full,default,builder/build_full_feature,time_ms,49.098961,ms,12345,v2,rustc 1.93.0 (254b59607 2026-01-19)
2026-02-06T15:11:41Z,1b067f3,stripped-down-lib,full,default,builder/build_full_feature,throughput_elem_s,203670.299638,elem_s,12345,v2,rustc 1.93.0 (254b59607 2026-01-19)
2026-02-06T15:11:41Z,1b067f3,stripped-down-lib,full,default,memory/build_model/7000,heap_max_bytes,43554355,bytes,12345,v2,rustc 1.93.0 (254b59607 2026-01-19)
2026-02-06T15:11:41Z,1b067f3,stripped-down-lib,full,default,memory/build_model/7000,heap_total_bytes,87233762,bytes,12345,v2,rustc 1.93.0 (254b59607 2026-01-19)
2026-02-06T15:11:41Z,1b067f3,stripped-down-lib,full,default,memory/build_model/7000,heap_max_blocks,280039,blocks,12345,v2,rustc 1.93.0 (254b59607 2026-01-19)
2026-02-06T15:11:41Z,1b067f3,stripped-down-lib,full,default,memory/build_model/7000,heap_total_blocks,574113,blocks,12345,v2,rustc 1.93.0 (254b59607 2026-01-19)
2026-02-06T15:11:41Z,1b067f3,stripped-down-lib,full,default,streaming/e2e,time_ms,79.432022,ms,12345,v2,rustc 1.93.0 (254b59607 2026-01-19)
2026-02-06T15:11:41Z,1b067f3,stripped-down-lib,full,default,streaming/e2e,time_producer_ms,78.892334,ms,12345,v2,rustc 1.93.0 (254b59607 2026-01-19)
2026-02-06T15:11:41Z,1b067f3,stripped-down-lib,full,default,streaming/e2e,time_consumer_ms,79.229053,ms,12345,v2,rustc 1.93.0 (254b59607 2026-01-19)
2026-02-06T15:11:41Z,1b067f3,stripped-down-lib,full,default,streaming/e2e,throughput_elem_s,125893.811440,elem_s,12345,v2,rustc 1.93.0 (254b59607 2026-01-19)
2026-02-06T15:11:41Z,1b067f3,stripped-down-lib,full,default,processor/compute_full_feature_stats,cache_d1_miss_rate,0.00971718,ratio,12345,v2,rustc 1.93.0 (254b59607 2026-01-19)
2026-02-06T15:11:41Z,1b067f3,stripped-down-lib,full,default,processor/compute_full_feature_stats,cache_ll_miss_rate,0.00101744,ratio,12345,v2,rustc 1.93.0 (254b59607 2026-01-19)
2026-02-06T15:11:41Z,1b067f3,stripped-down-lib,full,default,processor/compute_full_feature_stats,branch_miss_rate,0.05182448,ratio,12345,v2,rustc 1.93.0 (254b59607 2026-01-19)
2026-02-10T04:11:27Z,f2819ce,lint-fixes,full,default,compute_mean_coordinates,time_ms,0.318862,ms,12345,v2,rustc 1.93.0 (254b59607 2026-01-19)
2026-02-10T04:11:27Z,f2819ce,lint-fixes,full,default,compute_full_feature_stats,time_ms,5.282042,ms,12345,v2,rustc 1.93.0 (254b59607 2026-01-19)
2026-02-10T04:11:27Z,f2819ce,lint-fixes,full,default,builder/build_minimal_geometry,time_ms,7.647616,ms,12345,v2,rustc 1.93.0 (254b59607 2026-01-19)
2026-02-10T04:11:27Z,f2819ce,lint-fixes,full,default,builder/build_minimal_geometry,throughput_elem_s,1307597.062250,elem_s,12345,v2,rustc 1.93.0 (254b59607 2026-01-19)
2026-02-10T04:11:27Z,f2819ce,lint-fixes,full,default,builder/build_full_feature,time_ms,39.947399,ms,12345,v2,rustc 1.93.0 (254b59607 2026-01-19)
2026-02-10T04:11:27Z,f2819ce,lint-fixes,full,default,builder/build_full_feature,throughput_elem_s,250329.190991,elem_s,12345,v2,rustc 1.93.0 (254b59607 2026-01-19)
2026-02-10T04:11:27Z,f2819ce,lint-fixes,full,default,memory/build_model/7000,heap_max_bytes,43554355,bytes,12345,v2,rustc 1.93.0 (254b59607 2026-01-19)
2026-02-10T04:11:27Z,f2819ce,lint-fixes,full,default,memory/build_model/7000,heap_total_bytes,87233762,bytes,12345,v2,rustc 1.93.0 (254b59607 2026-01-19)
2026-02-10T04:11:27Z,f2819ce,lint-fixes,full,default,memory/build_model/7000,heap_max_blocks,280039,blocks,12345,v2,rustc 1.93.0 (254b59607 2026-01-19)
2026-02-10T04:11:27Z,f2819ce,lint-fixes,full,default,memory/build_model/7000,heap_total_blocks,574113,blocks,12345,v2,rustc 1.93.0 (254b59607 2026-01-19)
2026-02-10T04:11:27Z,f2819ce,lint-fixes,full,default,streaming/e2e,time_ms,67.695783,ms,12345,v2,rustc 1.93.0 (254b59607 2026-01-19)
2026-02-10T04:11:27Z,f2819ce,lint-fixes,full,default,streaming/e2e,time_producer_ms,67.227658,ms,12345,v2,rustc 1.93.0 (254b59607 2026-01-19)
2026-02-10T04:11:27Z,f2819ce,lint-fixes,full,default,streaming/e2e,time_consumer_ms,67.554465,ms,12345,v2,rustc 1.93.0 (254b59607 2026-01-19)
2026-02-10T04:11:27Z,f2819ce,lint-fixes,full,default,streaming/e2e,throughput_elem_s,147719.688832,elem_s,12345,v2,rustc 1.93.0 (254b59607 2026-01-19)
2026-02-10T04:11:27Z,f2819ce,lint-fixes,full,default,processor/compute_full_feature_stats,cache_d1_miss_rate,0.01073250,ratio,12345,v2,rustc 1.93.0 (254b59607 2026-01-19)
2026-02-10T04:11:27Z,f2819ce,lint-fixes,full,default,processor/compute_full_feature_stats,cache_ll_miss_rate,0.00143731,ratio,12345,v2,rustc 1.93.0 (254b59607 2026-01-19)
2026-02-10T04:11:27Z,f2819ce,lint-fixes,full,default,processor/compute_full_feature_stats,branch_miss_rate,0.04946104,ratio,12345,v2,rustc 1.93.0 (254b59607 2026-01-19)
2026-02-11T10:55:07Z,c51e547,refactor-clones,full,default,compute_mean_coordinates,time_ms,0.308826,ms,12345,v2,rustc 1.93.0 (254b59607 2026-01-19)
2026-02-11T10:55:07Z,c51e547,refactor-clones,full,default,compute_full_feature_stats,time_ms,3.540972,ms,12345,v2,rustc 1.93.0 (254b59607 2026-01-19)
2026-02-11T10:55:07Z,c51e547,refactor-clones,full,default,builder/build_minimal_geometry,time_ms,7.389171,ms,12345,v2,rustc 1.93.0 (254b59607 2026-01-19)
2026-02-11T10:55:07Z,c51e547,refactor-clones,full,default,builder/build_minimal_geometry,throughput_elem_s,1353331.825505,elem_s,12345,v2,rustc 1.93.0 (254b59607 2026-01-19)
2026-02-11T10:55:07Z,c51e547,refactor-clones,full,default,builder/build_full_feature,time_ms,39.557022,ms,12345,v2,rustc 1.93.0 (254b59607 2026-01-19)
2026-02-11T10:55:07Z,c51e547,refactor-clones,full,default,builder/build_full_feature,throughput_elem_s,252799.616971,elem_s,12345,v2,rustc 1.93.0 (254b59607 2026-01-19)
2026-02-11T10:55:07Z,c51e547,refactor-clones,full,default,memory/build_model/7000,heap_max_bytes,43554355,bytes,12345,v2,rustc 1.93.0 (254b59607 2026-01-19)
2026-02-11T10:55:07Z,c51e547,refactor-clones,full,default,memory/build_model/7000,heap_total_bytes,87233762,bytes,12345,v2,rustc 1.93.0 (254b59607 2026-01-19)
2026-02-11T10:55:07Z,c51e547,refactor-clones,full,default,memory/build_model/7000,heap_max_blocks,280039,blocks,12345,v2,rustc 1.93.0 (254b59607 2026-01-19)
2026-02-11T10:55:07Z,c51e547,refactor-clones,full,default,memory/build_model/7000,heap_total_blocks,574113,blocks,12345,v2,rustc 1.93.0 (254b59607 2026-01-19)
2026-02-11T10:55:07Z,c51e547,refactor-clones,full,default,streaming/e2e,time_ms,65.521208,ms,12345,v2,rustc 1.93.0 (254b59607 2026-01-19)
2026-02-11T10:55:07Z,c51e547,refactor-clones,full,default,streaming/e2e,time_producer_ms,65.026178,ms,12345,v2,rustc 1.93.0 (254b59607 2026-01-19)
2026-02-11T10:55:07Z,c51e547,refactor-clones,full,default,streaming/e2e,time_consumer_ms,65.380048,ms,12345,v2,rustc 1.93.0 (254b59607 2026-01-19)
2026-02-11T10:55:07Z,c51e547,refactor-clones,full,default,streaming/e2e,throughput_elem_s,152622.338709,elem_s,12345,v2,rustc 1.93.0 (254b59607 2026-01-19)
2026-02-11T10:55:07Z,c51e547,refactor-clones,full,default,processor/compute_full_feature_stats,cache_d1_miss_rate,0.01954892,ratio,12345,v2,rustc 1.93.0 (254b59607 2026-01-19)
2026-02-11T10:55:07Z,c51e547,refactor-clones,full,default,processor/compute_full_feature_stats,cache_ll_miss_rate,0.00327952,ratio,12345,v2,rustc 1.93.0 (254b59607 2026-01-19)
2026-02-11T10:55:07Z,c51e547,refactor-clones,full,default,processor/compute_full_feature_stats,branch_miss_rate,0.05703063,ratio,12345,v2,rustc 1.93.0 (254b59607 2026-01-19)
2026-03-23T16:01:44Z,f4ba3f8,geometry builder simplification,full,default,compute_mean_coordinates,time_ms,0.342545,ms,12345,v2,rustc 1.94.0 (4a4ef493e 2026-03-02)
2026-03-23T16:01:44Z,f4ba3f8,geometry builder simplification,full,default,compute_full_feature_stats,time_ms,2.922403,ms,12345,v2,rustc 1.94.0 (4a4ef493e 2026-03-02)
2026-03-23T16:01:44Z,f4ba3f8,geometry builder simplification,full,default,builder/build_minimal_geometry,time_ms,8.127144,ms,12345,v2,rustc 1.94.0 (4a4ef493e 2026-03-02)
2026-03-23T16:01:44Z,f4ba3f8,geometry builder simplification,full,default,builder/build_minimal_geometry,throughput_elem_s,1230444.590269,elem_s,12345,v2,rustc 1.94.0 (4a4ef493e 2026-03-02)
2026-03-23T16:01:44Z,f4ba3f8,geometry builder simplification,full,default,builder/build_full_feature,time_ms,46.980171,ms,12345,v2,rustc 1.94.0 (4a4ef493e 2026-03-02)
2026-03-23T16:01:44Z,f4ba3f8,geometry builder simplification,full,default,builder/build_full_feature,throughput_elem_s,212855.758053,elem_s,12345,v2,rustc 1.94.0 (4a4ef493e 2026-03-02)
2026-03-23T16:01:44Z,f4ba3f8,geometry builder simplification,full,default,memory/build_model/7000,heap_max_bytes,37832557,bytes,12345,v2,rustc 1.94.0 (4a4ef493e 2026-03-02)
2026-03-23T16:01:44Z,f4ba3f8,geometry builder simplification,full,default,memory/build_model/7000,heap_total_bytes,96312482,bytes,12345,v2,rustc 1.94.0 (4a4ef493e 2026-03-02)
2026-03-23T16:01:44Z,f4ba3f8,geometry builder simplification,full,default,memory/build_model/7000,heap_max_blocks,280063,blocks,12345,v2,rustc 1.94.0 (4a4ef493e 2026-03-02)
2026-03-23T16:01:44Z,f4ba3f8,geometry builder simplification,full,default,memory/build_model/7000,heap_total_blocks,784113,blocks,12345,v2,rustc 1.94.0 (4a4ef493e 2026-03-02)
2026-03-23T16:01:44Z,f4ba3f8,geometry builder simplification,full,default,streaming/e2e,time_ms,66.681751,ms,12345,v2,rustc 1.94.0 (4a4ef493e 2026-03-02)
2026-03-23T16:01:44Z,f4ba3f8,geometry builder simplification,full,default,streaming/e2e,time_producer_ms,66.359502,ms,12345,v2,rustc 1.94.0 (4a4ef493e 2026-03-02)
2026-03-23T16:01:44Z,f4ba3f8,geometry builder simplification,full,default,streaming/e2e,time_consumer_ms,66.593512,ms,12345,v2,rustc 1.94.0 (4a4ef493e 2026-03-02)
2026-03-23T16:01:44Z,f4ba3f8,geometry builder simplification,full,default,streaming/e2e,throughput_elem_s,149966.067928,elem_s,12345,v2,rustc 1.94.0 (4a4ef493e 2026-03-02)
2026-03-23T19:20:35Z,f4ba3f8,geometry builder simplification,full,default,compute_mean_coordinates,time_ms,0.342243,ms,12345,v2,rustc 1.94.0 (4a4ef493e 2026-03-02)
2026-03-23T19:20:35Z,f4ba3f8,geometry builder simplification,full,default,compute_full_feature_stats,time_ms,3.177356,ms,12345,v2,rustc 1.94.0 (4a4ef493e 2026-03-02)
2026-03-23T19:20:35Z,f4ba3f8,geometry builder simplification,full,default,builder/build_minimal_geometry,time_ms,8.089953,ms,12345,v2,rustc 1.94.0 (4a4ef493e 2026-03-02)
2026-03-23T19:20:35Z,f4ba3f8,geometry builder simplification,full,default,builder/build_minimal_geometry,throughput_elem_s,1236101.105017,elem_s,12345,v2,rustc 1.94.0 (4a4ef493e 2026-03-02)
2026-03-23T19:20:35Z,f4ba3f8,geometry builder simplification,full,default,builder/build_full_feature,time_ms,50.112488,ms,12345,v2,rustc 1.94.0 (4a4ef493e 2026-03-02)
2026-03-23T19:20:35Z,f4ba3f8,geometry builder simplification,full,default,builder/build_full_feature,throughput_elem_s,199551.056499,elem_s,12345,v2,rustc 1.94.0 (4a4ef493e 2026-03-02)
2026-03-23T19:20:35Z,f4ba3f8,geometry builder simplification,full,default,memory/build_model/7000,heap_max_bytes,37832557,bytes,12345,v2,rustc 1.94.0 (4a4ef493e 2026-03-02)
2026-03-23T19:20:35Z,f4ba3f8,geometry builder simplification,full,default,memory/build_model/7000,heap_total_bytes,96312482,bytes,12345,v2,rustc 1.94.0 (4a4ef493e 2026-03-02)
2026-03-23T19:20:35Z,f4ba3f8,geometry builder simplification,full,default,memory/build_model/7000,heap_max_blocks,280063,blocks,12345,v2,rustc 1.94.0 (4a4ef493e 2026-03-02)
2026-03-23T19:20:35Z,f4ba3f8,geometry builder simplification,full,default,memory/build_model/7000,heap_total_blocks,784113,blocks,12345,v2,rustc 1.94.0 (4a4ef493e 2026-03-02)
2026-03-23T19:20:35Z,f4ba3f8,geometry builder simplification,full,default,streaming/e2e,time_ms,45.196419,ms,12345,v2,rustc 1.94.0 (4a4ef493e 2026-03-02)
2026-03-23T19:20:35Z,f4ba3f8,geometry builder simplification,full,default,streaming/e2e,time_producer_ms,44.771620,ms,12345,v2,rustc 1.94.0 (4a4ef493e 2026-03-02)
2026-03-23T19:20:35Z,f4ba3f8,geometry builder simplification,full,default,streaming/e2e,time_consumer_ms,45.012349,ms,12345,v2,rustc 1.94.0 (4a4ef493e 2026-03-02)
2026-03-23T19:20:35Z,f4ba3f8,geometry builder simplification,full,default,streaming/e2e,throughput_elem_s,221256.467244,elem_s,12345,v2,rustc 1.94.0 (4a4ef493e 2026-03-02)
2026-03-23T19:20:35Z,f4ba3f8,geometry builder simplification,full,default,processor/compute_full_feature_stats,cache_d1_miss_rate,0.01667325,ratio,12345,v2,rustc 1.94.0 (4a4ef493e 2026-03-02)
2026-03-23T19:20:35Z,f4ba3f8,geometry builder simplification,full,default,processor/compute_full_feature_stats,cache_ll_miss_rate,0.00096978,ratio,12345,v2,rustc 1.94.0 (4a4ef493e 2026-03-02)
2026-03-23T19:20:35Z,f4ba3f8,geometry builder simplification,full,default,processor/compute_full_feature_stats,branch_miss_rate,0.05579219,ratio,12345,v2,rustc 1.94.0 (4a4ef493e 2026-03-02)
2026-03-23T22:16:10Z,9bfed61,remove geometry builder,full,default,compute_mean_coordinates,time_ms,0.359052,ms,12345,v2,rustc 1.94.0 (4a4ef493e 2026-03-02)
2026-03-23T22:16:10Z,9bfed61,remove geometry builder,full,default,compute_full_feature_stats,time_ms,3.863870,ms,12345,v2,rustc 1.94.0 (4a4ef493e 2026-03-02)
2026-03-23T22:16:10Z,9bfed61,remove geometry builder,full,default,builder/build_minimal_geometry,time_ms,8.587338,ms,12345,v2,rustc 1.94.0 (4a4ef493e 2026-03-02)
2026-03-23T22:16:10Z,9bfed61,remove geometry builder,full,default,builder/build_minimal_geometry,throughput_elem_s,1164505.210657,elem_s,12345,v2,rustc 1.94.0 (4a4ef493e 2026-03-02)
2026-03-23T22:16:10Z,9bfed61,remove geometry builder,full,default,builder/build_full_feature,time_ms,46.273531,ms,12345,v2,rustc 1.94.0 (4a4ef493e 2026-03-02)
2026-03-23T22:16:10Z,9bfed61,remove geometry builder,full,default,builder/build_full_feature,throughput_elem_s,216106.263872,elem_s,12345,v2,rustc 1.94.0 (4a4ef493e 2026-03-02)
2026-03-23T22:16:10Z,9bfed61,remove geometry builder,full,default,memory/build_model/7000,heap_max_bytes,37832557,bytes,12345,v2,rustc 1.94.0 (4a4ef493e 2026-03-02)
2026-03-23T22:16:10Z,9bfed61,remove geometry builder,full,default,memory/build_model/7000,heap_total_bytes,96312482,bytes,12345,v2,rustc 1.94.0 (4a4ef493e 2026-03-02)
2026-03-23T22:16:10Z,9bfed61,remove geometry builder,full,default,memory/build_model/7000,heap_max_blocks,280063,blocks,12345,v2,rustc 1.94.0 (4a4ef493e 2026-03-02)
2026-03-23T22:16:10Z,9bfed61,remove geometry builder,full,default,memory/build_model/7000,heap_total_blocks,784113,blocks,12345,v2,rustc 1.94.0 (4a4ef493e 2026-03-02)
2026-03-23T22:16:10Z,9bfed61,remove geometry builder,full,default,streaming/e2e,time_ms,52.751313,ms,12345,v2,rustc 1.94.0 (4a4ef493e 2026-03-02)
2026-03-23T22:16:10Z,9bfed61,remove geometry builder,full,default,streaming/e2e,time_producer_ms,52.284154,ms,12345,v2,rustc 1.94.0 (4a4ef493e 2026-03-02)
2026-03-23T22:16:10Z,9bfed61,remove geometry builder,full,default,streaming/e2e,time_consumer_ms,52.546483,ms,12345,v2,rustc 1.94.0 (4a4ef493e 2026-03-02)
2026-03-23T22:16:10Z,9bfed61,remove geometry builder,full,default,streaming/e2e,throughput_elem_s,189568.741161,elem_s,12345,v2,rustc 1.94.0 (4a4ef493e 2026-03-02)
2026-03-23T22:16:10Z,9bfed61,remove geometry builder,full,default,processor/compute_full_feature_stats,cache_d1_miss_rate,0.01711382,ratio,12345,v2,rustc 1.94.0 (4a4ef493e 2026-03-02)
2026-03-23T22:16:10Z,9bfed61,remove geometry builder,full,default,processor/compute_full_feature_stats,cache_ll_miss_rate,0.00223204,ratio,12345,v2,rustc 1.94.0 (4a4ef493e 2026-03-02)
2026-03-23T22:16:10Z,9bfed61,remove geometry builder,full,default,processor/compute_full_feature_stats,branch_miss_rate,0.05737685,ratio,12345,v2,rustc 1.94.0 (4a4ef493e 2026-03-02)
